<?xml version="1.0" encoding="UTF-8"?>
<project-private xmlns="http://www.netbeans.org/ns/project-private/1">
    <editor-bookmarks xmlns="http://www.netbeans.org/ns/editor-bookmarks/2" lastBookmarkId="0"/>
    <open-files xmlns="http://www.netbeans.org/ns/projectui-open-files/2">
        <group>
            <file>file:/C:/Users/VIVEK/Documents/NetBeansProjects/BookRentSystem/AboutUs.php</file>
            <file>file:/C:/Users/VIVEK/Documents/NetBeansProjects/BookRentSystem/captchafont.php</file>
            <file>file:/C:/Users/VIVEK/Documents/NetBeansProjects/BookRentSystem/SignUp.php</file>
            <file>file:/C:/Users/VIVEK/Documents/NetBeansProjects/BookRentSystem/viewcart.php</file>
            <file>file:/C:/Users/VIVEK/Documents/NetBeansProjects/BookRentSystem/LoginPage.php</file>
            <file>file:/C:/Users/VIVEK/Documents/NetBeansProjects/BookRentSystem/HomePage.php</file>
            <file>file:/C:/Users/VIVEK/Documents/NetBeansProjects/BookRentSystem/selecthand.php</file>
            <file>file:/C:/Users/VIVEK/Documents/NetBeansProjects/BookRentSystem/checking.php</file>
            <file>file:/C:/Users/VIVEK/Documents/NetBeansProjects/BookRentSystem/admin.php</file>
            <file>file:/C:/Users/VIVEK/Documents/NetBeansProjects/BookRentSystem/verification.php</file>
        </group>
    </open-files>
</project-private>
